{
  "version": 1,
  "author": "Uri Shaked",
  "editor": "wokwi",
  "parts": [
    { "type": "board-esp32-c3-devkitm-1", "id": "esp", "top": 28.5, "left": -128.58, "attrs": {} },
    { "type": "wokwi-ili9341", "id": "lcd1", "top": 58.4, "left": 57.3, "attrs": {} }
  ],
  "connections": [
    [ "lcd1:GND", "esp:GND.8", "black", [ "v19.2", "h-76.8", "v-96" ] ],
    [ "lcd1:SCK", "esp:4", "magenta", [ "v67.2", "h-144.01", "v-192" ] ],
    [ "lcd1:CS", "esp:8", "blue", [ "v28.8", "h-96", "v-220.8" ] ],
    [ "lcd1:VCC", "esp:5V.2", "red", [ "v9.6", "h-240", "v-134.4" ] ],
    [ "lcd1:RST", "esp:9", "orange", [ "v38.4", "h-134.4", "v-172.8" ] ],
    [ "lcd1:D/C", "esp:3", "purple", [ "v57.6", "h-288", "v-255.93" ] ],
    [ "lcd1:MOSI", "esp:6", "gray", [ "v48", "h-105.61", "v-211.2" ] ],
    [ "lcd1:MISO", "esp:5", "green", [ "v76.8", "h-172.81", "v-227.13" ] ]
  ],
  "dependencies": {}
}